title,url
My Villain Gang,https://mangalivre.net/manga/my-villain-gang/12981
New Identity,https://mangalivre.net/manga/new-identity/12071
Get Out of My House!,https://mangalivre.net/manga/get-out-of-my-house/13587
Apocalypse Forecast,https://mangalivre.net/manga/apocalypse-forecast/13219
Isekai Kenja no Tensei Musou ~Geemu no Chishiki de Isekai Saikyou~,https://mangalivre.net/manga/isekai-kenja-no-tensei-musou-geemu-no-chishiki-de-isekai-saikyou/11065
Water Overflow,https://mangalivre.net/manga/water-overflow/12486
Queen Bee,https://mangalivre.net/manga/queen-bee/8605
Blade and Expedition: Impervious Sword,https://mangalivre.net/manga/blade-and-expedition-impervious-sword/13935
Otonari no Tenshi-sama ni Itsunomanika Dame Ningen ni Sareteita Ken (Novel),https://mangalivre.net/manga/otonari-no-tenshi-sama-ni-itsunomanika-dame-ningen-ni-sareteita-ken-novel/13193
Second Life on the Red Carpet,https://mangalivre.net/manga/second-life-on-the-red-carpet/14282
My Neighbor Alien is Scary,https://mangalivre.net/manga/my-neighbor-alien-is-scary/14296
Nine Evolutions of the True Spirit,https://mangalivre.net/manga/nine-evolutions-of-the-true-spirit/13877
Tights de Iyashite Kureru Yome,https://mangalivre.net/manga/tights-de-iyashite-kureru-yome/11263
She May Not Be Cute,https://mangalivre.net/manga/she-may-not-be-cute/9523
Once More,https://mangalivre.net/manga/once-more/9338
Eternal First God,https://mangalivre.net/manga/eternal-first-god/12068
Asobi Asobase,https://mangalivre.net/manga/asobi-asobase/10909
The Demon King Wants to Die,https://mangalivre.net/manga/the-demon-king-wants-to-die/10901
Martial Inverse,https://mangalivre.net/manga/martial-inverse/11365
"Prince, Don’t Do This!",https://mangalivre.net/manga/prince-dont-do-this/7401
"Once Again, Into the Light",https://mangalivre.net/manga/once-again-into-the-light/13519
Today the Villainess Has Fun Again,https://mangalivre.net/manga/today-the-villainess-has-fun-again/13469
As Long As You Like It,https://mangalivre.net/manga/as-long-as-you-like-it/9777
The Princess's Double Life,https://mangalivre.net/manga/the-princesss-double-life/13789
Immoral Night,https://mangalivre.net/manga/immoral-night/10918
Yongsaui Jeon Yeochinimnida - I'm the Ex-Girlfriend of a Soldier,https://mangalivre.net/manga/yongsaui-jeon-yeochinimnida---im-the-ex-girlfriend-of-a-soldier/10397
Poggun Ui Yuilhan Johyangsaga Doeeossseubnida - The Tyrant's Only Perfumer,https://mangalivre.net/manga/poggun-ui-yuilhan-johyangsaga-doeeossseubnida---the-tyrants-only-perfumer/13177
Please Throw Me Away,https://mangalivre.net/manga/please-throw-me-away/10178
Jirai Nandesuka? Chihara-san,https://mangalivre.net/manga/jirai-nandesuka-chihara-san/13680
"Kanojo, Okarishimasu",https://mangalivre.net/manga/kanojo-okarishimasu/6763
Martial Peak,https://mangalivre.net/manga/martial-peak/7302
Wo Neng Tiqu Shuxing - Attribute Extractor,https://mangalivre.net/manga/wo-neng-tiqu-shuxing---attribute-extractor/13808
Get Schooled,https://mangalivre.net/manga/get-schooled/12889
24-ku no Hanako-san,https://mangalivre.net/manga/24-ku-no-hanako-san/11253
Hanayamata,https://mangalivre.net/manga/hanayamata/13627
Kimi wa Houkago Insomnia,https://mangalivre.net/manga/kimi-wa-houkago-insomnia/9900
Nige Jouzu no Wakagimi,https://mangalivre.net/manga/nige-jouzu-no-wakagimi/11798
Blue Period,https://mangalivre.net/manga/blue-period/9886
Zense wa Kentei. Konjou Kuzu Ouji,https://mangalivre.net/manga/zense-wa-kentei-konjou-kuzu-ouji/13107
Elf Who Likes To Be Humiliated,https://mangalivre.net/manga/elf-who-likes-to-be-humiliated/14227
Jungle Juice,https://mangalivre.net/manga/jungle-juice/11624
Kengan Ashura,https://mangalivre.net/manga/kengan-ashura/7671
The Legendary Mechanic,https://mangalivre.net/manga/the-legendary-mechanic/12079
Sunbaeg-ui Ellisabes - Pure White Elizabeth,https://mangalivre.net/manga/sunbaeg-ui-ellisabes---pure-white-elizabeth/13202
Threads of Love,https://mangalivre.net/manga/threads-of-love/13836
Heavenly Martial God,https://mangalivre.net/manga/heavenly-martial-god/13666
I Became the Wife of the Male Lead,https://mangalivre.net/manga/i-became-the-wife-of-the-male-lead/13511
Isekai no Sata wa Shachiku Shidai,https://mangalivre.net/manga/isekai-no-sata-wa-shachiku-shidai/13902
Zom 100: Zombie ni Naru made ni Shitai 100 no Koto,https://mangalivre.net/manga/zom-100-zombie-ni-naru-made-ni-shitai-100-no-koto/8856
"Wake Up, Warrior",https://mangalivre.net/manga/wake-up-warrior/9936
How to Live as a Villain,https://mangalivre.net/manga/how-to-live-as-a-villain/14020
Antidote,https://mangalivre.net/manga/antidote/14009
Forced to Be a Princess After Reincarnating in Another World,https://mangalivre.net/manga/forced-to-be-a-princess-after-reincarnating-in-another-world/14106
Gintama,https://mangalivre.net/manga/gintama/152
Your Majesty Please Don't Kill me Again,https://mangalivre.net/manga/your-majesty-please-dont-kill-me-again/11016
Awakened Perspective: The School Flowers Beloved Master,https://mangalivre.net/manga/awakened-perspective-the-school-flowers-beloved-master/13713
Boku no Kokoro no Yabai Yatsu,https://mangalivre.net/manga/boku-no-kokoro-no-yabai-yatsu/7146
Kuma Kuma Kuma Bear,https://mangalivre.net/manga/kuma-kuma-kuma-bear/7410
Violence Action,https://mangalivre.net/manga/violence-action/7214
Takarakuji de 40-oku Atattanda kedo Isekai ni Ijuusuru,https://mangalivre.net/manga/takarakuji-de-40-oku-atattanda-kedo-isekai-ni-ijuusuru/7010
Tensei Goblin dakedo Shitsumon Aru?,https://mangalivre.net/manga/tensei-goblin-dakedo-shitsumon-aru/11290
Fairy Tail: 100 Years Quest,https://mangalivre.net/manga/fairy-tail-100-years-quest/7434
Supreme Yanluo System,https://mangalivre.net/manga/supreme-yanluo-system/10272
Chaos Alchemist,https://mangalivre.net/manga/chaos-alchemist/11357
Empress of Another World,https://mangalivre.net/manga/empress-of-another-world/8515
Everything Was a Mistake,https://mangalivre.net/manga/everything-was-a-mistake/11284
I Don't Love You Anymore,https://mangalivre.net/manga/i-dont-love-you-anymore/11968
The Stereotypical Life of a Reincarnated Lady,https://mangalivre.net/manga/the-stereotypical-life-of-a-reincarnated-lady/9583
Ag Yeog Hwangnyeonim Eun Gwajajib Eseo Salgo Sip Eo - The Villainous Princess Wants to Live in a Cookie House,https://mangalivre.net/manga/ag-yeog-hwangnyeonim-eun-gwajajib-eseo-salgo-sip-eo---the-villainous-princess-wants-to-live-in-a-cookie-house/13028
Potion-danomi de Ikinobimasu!,https://mangalivre.net/manga/potion-danomi-de-ikinobimasu/8021
Hone Dragon no Mana Musume,https://mangalivre.net/manga/hone-dragon-no-mana-musume/12666
Ghost-kun Was an Unpolished Gemstone,https://mangalivre.net/manga/ghost-kun-was-an-unpolished-gemstone/14311
The Princess of God's Punishment,https://mangalivre.net/manga/the-princess-of-gods-punishment/13517
Gege Shi Da Bendan!,https://mangalivre.net/manga/gege-shi-da-bendan/11826
Hangyaku no Soul Eater,https://mangalivre.net/manga/hangyaku-no-soul-eater/11837
Isekai de Tochi wo Katte Noujou wo Tsukurou,https://mangalivre.net/manga/isekai-de-tochi-wo-katte-noujou-wo-tsukurou/9598
Nito no Taidana Isekai Shoukougun: Saijaku Shoku,https://mangalivre.net/manga/nito-no-taidana-isekai-shoukougun-saijaku-shoku/8872
Juujika no Rokunin,https://mangalivre.net/manga/juujika-no-rokunin/10775
Kaishin no Ichigeki! Christmas Short Story (One Shot),https://mangalivre.net/manga/kaishin-no-ichigeki-christmas-short-story-one-shot/14369
Wo Bei Boss Zou Da De - B Is for Boss,https://mangalivre.net/manga/wo-bei-boss-zou-da-de---b-is-for-boss/14368
Little Princess Mint,https://mangalivre.net/manga/little-princess-mint/14367
Noona’s Night,https://mangalivre.net/manga/noonas-night/14366
Kamen Rider Spirits,https://mangalivre.net/manga/kamen-rider-spirits/5648
Truth Mask,https://mangalivre.net/manga/truth-mask/10681
There’s No Engineering Goddess?,https://mangalivre.net/manga/theres-no-engineering-goddess/14137
When Jasy Whistles,https://mangalivre.net/manga/when-jasy-whistles/13280
Lightning Degree,https://mangalivre.net/manga/lightning-degree/9582
Saint Seiya - Episode G Requiem,https://mangalivre.net/manga/saint-seiya---episode-g-requiem/9222
Ring ni Kakero 2,https://mangalivre.net/manga/ring-ni-kakero-2/11106
"Daisy, The Duke's Bride",https://mangalivre.net/manga/daisy-the-dukes-bride/9747
"Daisy, The Duke's Bride",https://mangalivre.net/manga/daisy-the-dukes-bride/9747
Bishoujo Senshi Sailor Moon,https://mangalivre.net/manga/bishoujo-senshi-sailor-moon/337
Villainess Maker (One Shot),https://mangalivre.net/manga/villainess-maker-one-shot/9508
Musume ja Nakute Mama ga Suki nano!?,https://mangalivre.net/manga/musume-ja-nakute-mama-ga-suki-nano/9540
"Watashi wo Tabetai, Hitodenashi",https://mangalivre.net/manga/watashi-wo-tabetai-hitodenashi/10781
"Yuukyuu no Gusha Asley no, Kenja no Susume: to, Pochi no Daibouken",https://mangalivre.net/manga/yuukyuu-no-gusha-asley-no-kenja-no-susume-to-pochi-no-daibouken/8233
Study Group,https://mangalivre.net/manga/study-group/8699
Tacit,https://mangalivre.net/manga/tacit/13470
The Rebirth of the Demon God,https://mangalivre.net/manga/the-rebirth-of-the-demon-god/9415
Solo Max-Level Newbie,https://mangalivre.net/manga/solo-max-level-newbie/13286
The Millennium Alchemist,https://mangalivre.net/manga/the-millennium-alchemist/13648
I Raised My Childhood Friend as a Tyrant,https://mangalivre.net/manga/i-raised-my-childhood-friend-as-a-tyrant/12701
Lv999 no Murabito,https://mangalivre.net/manga/lv999-no-murabito/6405
Nappeunsalam - Bad Guy,https://mangalivre.net/manga/nappeunsalam---bad-guy/12919
Nodabsonyeo - She's Hopeless,https://mangalivre.net/manga/nodabsonyeo---shes-hopeless/12814
A Bittersweet Couple,https://mangalivre.net/manga/a-bittersweet-couple/11893
Kakuriyo no Yadomeshi: Ayakashi Oyado ni Yomeiri shimasu.,https://mangalivre.net/manga/kakuriyo-no-yadomeshi-ayakashi-oyado-ni-yomeiri-shimasu-/10295
Wo Mei Zhou Suiji Yige Xin Zhiye - I Randomly Have a New Career Every Week,https://mangalivre.net/manga/wo-mei-zhou-suiji-yige-xin-zhiye---i-randomly-have-a-new-career-every-week/14335
The Heaven's List,https://mangalivre.net/manga/the-heavens-list/7330
D.Gray-man,https://mangalivre.net/manga/d-gray-man/290
The Fable,https://mangalivre.net/manga/the-fable/11133
"Actually, I Was the Real One",https://mangalivre.net/manga/actually-i-was-the-real-one/10910
Poggun Oppaga Ses Ilaeyo - My Three Tyrant Brothers,https://mangalivre.net/manga/poggun-oppaga-ses-ilaeyo---my-three-tyrant-brothers/12538
Hyakuman-jou Labyrinth,https://mangalivre.net/manga/hyakuman-jou-labyrinth/12808
Capeta,https://mangalivre.net/manga/capeta/2766
Kimi wo Mae ni shitara Ore wa mou... Nikushokuha Danshi no Junjou na Yokujou,https://mangalivre.net/manga/kimi-wo-mae-ni-shitara-ore-wa-mou-nikushokuha-danshi-no-junjou-na-yokujou/13828
Fechippuru - Sankaku Kankei,https://mangalivre.net/manga/fechippuru---sankaku-kankei/9709
Reformation of the Deadbeat Noble,https://mangalivre.net/manga/reformation-of-the-deadbeat-noble/12793
Ekijin no Karte,https://mangalivre.net/manga/ekijin-no-karte/12816
Tsuyokute New Saga,https://mangalivre.net/manga/tsuyokute-new-saga/1774
Sanda,https://mangalivre.net/manga/sanda/13758
Summer Christmas (One Shot),https://mangalivre.net/manga/summer-christmas-one-shot/14299
29-sai Dokushin wa Isekai de Jiyuu ni Ikita......katta.,https://mangalivre.net/manga/29-sai-dokushin-wa-isekai-de-jiyuu-ni-ikita-katta-/8325
Tensei shitara Slime Datta Ken,https://mangalivre.net/manga/tensei-shitara-slime-datta-ken/2692
Paeseupaindeo - Pathfinder,https://mangalivre.net/manga/paeseupaindeo---pathfinder/12741
Yumemiru Danshi wa Genjitsushugisa,https://mangalivre.net/manga/yumemiru-danshi-wa-genjitsushugisa/13159
"Ichiokunen Button o Rendashita Ore wa, Kidzuitara Saikyou ni Natteita ~Rakudai Kenshi no Gakuin Musou~",https://mangalivre.net/manga/ichiokunen-button-o-rendashita-ore-wa-kidzuitara-saikyou-ni-natteita-rakudai-kenshi-no-gakuin-musou/9780
Boroboro no Elf-san wo Shiawaseni Suru Kusuri Uri-san,https://mangalivre.net/manga/boroboro-no-elf-san-wo-shiawaseni-suru-kusuri-uri-san/13553
Gwisin Boneun Gongjagbu-in - The Duchess Who Sees Ghosts,https://mangalivre.net/manga/gwisin-boneun-gongjagbu-in---the-duchess-who-sees-ghosts/13226
Gunbured x Sisters,https://mangalivre.net/manga/gunbured-x-sisters/10729
"Lord, It Doesn't Matter",https://mangalivre.net/manga/lord-it-doesnt-matter/11395
Battle Frenzy,https://mangalivre.net/manga/battle-frenzy/9002
Starting From Today I’ll Work As A City Lord,https://mangalivre.net/manga/starting-from-today-ill-work-as-a-city-lord/11018
Strongest Hired Son-In-Law,https://mangalivre.net/manga/strongest-hired-son-in-law/11202
Survive On A Deserted Island With Beautiful Girls,https://mangalivre.net/manga/survive-on-a-deserted-island-with-beautiful-girls/11255
Rebirth of Abandoned Young Master,https://mangalivre.net/manga/rebirth-of-abandoned-young-master/9443
The Lady and the Beast,https://mangalivre.net/manga/the-lady-and-the-beast/10749
Senpai ga Urusai Kouhai no Hanashi,https://mangalivre.net/manga/senpai-ga-urusai-kouhai-no-hanashi/7272
The Duchess' 50 Tea Recipes,https://mangalivre.net/manga/the-duchess-50-tea-recipes/10288
Midnight Poppy Land,https://mangalivre.net/manga/midnight-poppy-land/9082
Genshin Impact Comic Anthology,https://mangalivre.net/manga/genshin-impact-comic-anthology/12253
Harukana Receive,https://mangalivre.net/manga/harukana-receive/9479
Erma,https://mangalivre.net/manga/erma/10077
Daegun Eulo Sal Eolilasda - I Shall Live as a Prince,https://mangalivre.net/manga/daegun-eulo-sal-eolilasda---i-shall-live-as-a-prince/12688
I Am an Invincible Genius,https://mangalivre.net/manga/i-am-an-invincible-genius/11028
I Didn't Mean to Seduce the Male Lead,https://mangalivre.net/manga/i-didnt-mean-to-seduce-the-male-lead/13393
Bring the Love,https://mangalivre.net/manga/bring-the-love/9876
Coffee & Vanilla,https://mangalivre.net/manga/coffee-vanilla/6135
Under the Oak Tree,https://mangalivre.net/manga/under-the-oak-tree/10682
How to Stop the Tyrant's Blackening,https://mangalivre.net/manga/how-to-stop-the-tyrants-blackening/14316
Akebi-chan no Sailor-fuku,https://mangalivre.net/manga/akebi-chan-no-sailor-fuku/13156
Umineko no Naku Koro ni Chiru - Episode 7: Requiem of the Golden Witch,https://mangalivre.net/manga/umineko-no-naku-koro-ni-chiru---episode-7-requiem-of-the-golden-witch/13327
Higurashi no Naku Koro ni Kai: Minagoroshi-hen,https://mangalivre.net/manga/higurashi-no-naku-koro-ni-kai-minagoroshi-hen/14277
Totsukuni no Shoujo,https://mangalivre.net/manga/totsukuni-no-shoujo/4275
Fool Night,https://mangalivre.net/manga/fool-night/14314
Persona 3,https://mangalivre.net/manga/persona-3/4385
No Guns Life,https://mangalivre.net/manga/no-guns-life/3497
Bungou Stray Dogs: STORM BRINGER (Novel),https://mangalivre.net/manga/bungou-stray-dogs-storm-bringer-novel/13043
Koroshi Ai,https://mangalivre.net/manga/koroshi-ai/7952
Kujira no Kora wa Sajou ni Utau,https://mangalivre.net/manga/kujira-no-kora-wa-sajou-ni-utau/6701
My Breath Is Stronger,https://mangalivre.net/manga/my-breath-is-stronger/13978
Apocalyptic Thief,https://mangalivre.net/manga/apocalyptic-thief/13503
The Eternal Supreme,https://mangalivre.net/manga/the-eternal-supreme/12862
The Book Eating Magician,https://mangalivre.net/manga/the-book-eating-magician/13237
Fukaku ni mo Kyun to Kita,https://mangalivre.net/manga/fukaku-ni-mo-kyun-to-kita/11923
"Gate: Jieitai Kanochi nite, Kaku Tatakaeri",https://mangalivre.net/manga/gate-jieitai-kanochi-nite-kaku-tatakaeri/2757
Quanzhi Fashi,https://mangalivre.net/manga/quanzhi-fashi/7407
The Lady's Spaceship,https://mangalivre.net/manga/the-ladys-spaceship/10724
Vicarious Lover,https://mangalivre.net/manga/vicarious-lover/13646
High School Taoist,https://mangalivre.net/manga/high-school-taoist/9971
Queen Cecia's Shorts,https://mangalivre.net/manga/queen-cecias-shorts/9802
No Game No Life Part 2: Eastern Union Arc,https://mangalivre.net/manga/no-game-no-life-part-2-eastern-union-arc/14359
Level Up in the Mirror,https://mangalivre.net/manga/level-up-in-the-mirror/14360
Yeonwoo's Innocence,https://mangalivre.net/manga/yeonwoos-innocence/11565
It Was All You,https://mangalivre.net/manga/it-was-all-you/12629
Volcanic Return,https://mangalivre.net/manga/volcanic-return/12309
Legend of the Northern Blade,https://mangalivre.net/manga/legend-of-the-northern-blade/10298
It's Hard to Mix in With Demons,https://mangalivre.net/manga/its-hard-to-mix-in-with-demons/13095
Cultivator Against Hero Society,https://mangalivre.net/manga/cultivator-against-hero-society/10108
990K Ex-Life Hunter,https://mangalivre.net/manga/990k-ex-life-hunter/12780
"Makentsukai no Moto Shounenhei wa, Moto Tekikanbu no Oneesan to Issho ni Ikitai",https://mangalivre.net/manga/makentsukai-no-moto-shounenhei-wa-moto-tekikanbu-no-oneesan-to-issho-ni-ikitai/13949
The King of Fantasy: Yagami Iori no Isekai Musou,https://mangalivre.net/manga/the-king-of-fantasy-yagami-iori-no-isekai-musou/9033
Duke Pendragon,https://mangalivre.net/manga/duke-pendragon/14365
Ore no Ie ga Maryoku Spot Datta Ken: Sundeiru dake de Sekai Saikyou,https://mangalivre.net/manga/ore-no-ie-ga-maryoku-spot-datta-ken-sundeiru-dake-de-sekai-saikyou/7943
Nageki no Bourei wa Intai shitai: Saijaku Hunter ni Yoru Saikyou Party Ikuseijutsu,https://mangalivre.net/manga/nageki-no-bourei-wa-intai-shitai-saijaku-hunter-ni-yoru-saikyou-party-ikuseijutsu/11736
Return of the Disaster-Class Hero,https://mangalivre.net/manga/return-of-the-disaster-class-hero/9850
The Strongest Player,https://mangalivre.net/manga/the-strongest-player/14019
Nightmare World,https://mangalivre.net/manga/nightmare-world/14077
The Otome Game’s Bad Ending,https://mangalivre.net/manga/the-otome-games-bad-ending/14213
Stepmother's Friends,https://mangalivre.net/manga/stepmothers-friends/9854
Nidome no Jinsei wo Isekai de,https://mangalivre.net/manga/nidome-no-jinsei-wo-isekai-de/4407
My Wife Is Back,https://mangalivre.net/manga/my-wife-is-back/12434
The Villain's Ending Is Death,https://mangalivre.net/manga/the-villains-ending-is-death/9739
Seeking the Flying Sword Path,https://mangalivre.net/manga/seeking-the-flying-sword-path/8095
The Twin Siblings’ New Life,https://mangalivre.net/manga/the-twin-siblings-new-life/10029
The Evil Sorceress Plans to Survive! (2021),https://mangalivre.net/manga/the-evil-sorceress-plans-to-survive-2021/12383
Kiichi!!,https://mangalivre.net/manga/kiichi/14142
Hajirau Kimi ga Mitainda,https://mangalivre.net/manga/hajirau-kimi-ga-mitainda/12156
Eternal God Emperor,https://mangalivre.net/manga/eternal-god-emperor/13676
Confidentiality and Security Act,https://mangalivre.net/manga/confidentiality-and-security-act/14121
Kono Kaisha ni Suki na Hito ga Imasu,https://mangalivre.net/manga/kono-kaisha-ni-suki-na-hito-ga-imasu/9942
Lucia,https://mangalivre.net/manga/lucia/8915
Joshikousei to Seishokusha-san,https://mangalivre.net/manga/joshikousei-to-seishokusha-san/10233
"Namete, Kajitte, Tokidoki Medete",https://mangalivre.net/manga/namete-kajitte-tokidoki-medete/8757
Immortal Devil Emperor,https://mangalivre.net/manga/immortal-devil-emperor/9526
My Girlfriend Is a Dragon,https://mangalivre.net/manga/my-girlfriend-is-a-dragon/10073
The Greatest in the World,https://mangalivre.net/manga/the-greatest-in-the-world/10892
Janbul Ui Gisa - The Knights of the Remaining Fire,https://mangalivre.net/manga/janbul-ui-gisa---the-knights-of-the-remaining-fire/12431
How to Fight,https://mangalivre.net/manga/how-to-fight/10486
Leviathan,https://mangalivre.net/manga/leviathan/8008
How to Fight,https://mangalivre.net/manga/how-to-fight/10486
Leviathan,https://mangalivre.net/manga/leviathan/8008
Hyouka,https://mangalivre.net/manga/hyouka/2759
Ni Tian Xie Shen - Against the Gods,https://mangalivre.net/manga/ni-tian-xie-shen---against-the-gods/6945
New Town,https://mangalivre.net/manga/new-town/13888
I Am a Child of This House,https://mangalivre.net/manga/i-am-a-child-of-this-house/8339
Lamia Orphe Is Dead,https://mangalivre.net/manga/lamia-orphe-is-dead/9412
Elysion Bride,https://mangalivre.net/manga/elysion-bride/11070
The Bad Ending of an Otome,https://mangalivre.net/manga/the-bad-ending-of-an-otome/14221
Heavenly Bride,https://mangalivre.net/manga/heavenly-bride/11631
Hell Mode: Yarikomi Suki no Gamer wa Hai-settei no Isekai de Musou suru - Hajimari no Shoukanshi,https://mangalivre.net/manga/hell-mode-yarikomi-suki-no-gamer-wa-hai-settei-no-isekai-de-musou-suru---hajimari-no-shoukanshi/14136
Heaven Guards,https://mangalivre.net/manga/heaven-guards/11233
Post-apocalyptic Dispatch Company,https://mangalivre.net/manga/post-apocalyptic-dispatch-company/11149
Shaman of Magnanimous Spirit,https://mangalivre.net/manga/shaman-of-magnanimous-spirit/11438
Isekai Majutsushi wa Mahou wo Tonaenai,https://mangalivre.net/manga/isekai-majutsushi-wa-mahou-wo-tonaenai/10770
Stop This Marriage,https://mangalivre.net/manga/stop-this-marriage/14339
"First, Let’s Hide My Younger Brother",https://mangalivre.net/manga/first-lets-hide-my-younger-brother/13392
The Build Up,https://mangalivre.net/manga/the-build-up/13207
Philia Rose - The Prophecy of the Crown of Thorns,https://mangalivre.net/manga/philia-rose---the-prophecy-of-the-crown-of-thorns/13971
Vigilante: Boku no Hero Academia Illegals,https://mangalivre.net/manga/vigilante-boku-no-hero-academia-illegals/4104
The Immortal Cultivation Game,https://mangalivre.net/manga/the-immortal-cultivation-game/14319
Zettai ni Hatarakitakunai Dungeon Master ga Damin wo Musaboru made,https://mangalivre.net/manga/zettai-ni-hatarakitakunai-dungeon-master-ga-damin-wo-musaboru-made/11340
IRIS - Lady with a Smartphone,https://mangalivre.net/manga/iris---lady-with-a-smartphone/8564
Yanagihara-kun wa Sex Izonshou,https://mangalivre.net/manga/yanagihara-kun-wa-sex-izonshou/13475
Oshi no Ko,https://mangalivre.net/manga/oshi-no-ko/9712
Shoukan sareta Kenja wa Isekai wo Iku: Saikyou nano wa Fuyou Zaiko no Item deshita,https://mangalivre.net/manga/shoukan-sareta-kenja-wa-isekai-wo-iku-saikyou-nano-wa-fuyou-zaiko-no-item-deshita/11410
Ousama Ranking,https://mangalivre.net/manga/ousama-ranking/13432
Tougen Anki,https://mangalivre.net/manga/tougen-anki/10255
The Great Mage Returns After 4000 Years,https://mangalivre.net/manga/the-great-mage-returns-after-4000-years/9735
Henjo: Hen na Joshikousei Amaguri Senko,https://mangalivre.net/manga/henjo-hen-na-joshikousei-amaguri-senko/5996
Holy Ancestor,https://mangalivre.net/manga/holy-ancestor/7955
Shenwu Tianzun,https://mangalivre.net/manga/shenwu-tianzun/9922
Silent Night,https://mangalivre.net/manga/silent-night/14116
"One Day, Suddenly, Seoul Is",https://mangalivre.net/manga/one-day-suddenly-seoul-is/13296
Bleach (Edição Colorida),https://mangalivre.net/manga/bleach-edicao-colorida/12470
Cheng Ye Xiao He - To Be Winner,https://mangalivre.net/manga/cheng-ye-xiao-he---to-be-winner/9694
Cinderella wa Sagasanai.,https://mangalivre.net/manga/cinderella-wa-sagasanai-/11527
Otome Game no Hametsu Flag shika nai Akuyaku Reijou ni Tensei shite shimatta... (Webtoon),https://mangalivre.net/manga/otome-game-no-hametsu-flag-shika-nai-akuyaku-reijou-ni-tensei-shite-shimatta-webtoon/10611
The Evil Cinderella Needs a Villain,https://mangalivre.net/manga/the-evil-cinderella-needs-a-villain/9656
Jian Jin de Xintiao - Asymptotic Heartbeat,https://mangalivre.net/manga/jian-jin-de-xintiao---asymptotic-heartbeat/9634
I Raised a Black Dragon,https://mangalivre.net/manga/i-raised-a-black-dragon/14127
Limit Breaker,https://mangalivre.net/manga/limit-breaker/11298
Haikei... Koroshiya-san to Kekkon Shimashita,https://mangalivre.net/manga/haikei-koroshiya-san-to-kekkon-shimashita/9115
Kimi to Tsuzuru Utakata,https://mangalivre.net/manga/kimi-to-tsuzuru-utakata/10951
My Wife Is Actually The Empress?,https://mangalivre.net/manga/my-wife-is-actually-the-empress/12122
Jungle Taitei,https://mangalivre.net/manga/jungle-taitei/14294
Reencarnação do Vampiro,https://mangalivre.net/manga/reencarnacao-do-vampiro/13588
Take a Peek,https://mangalivre.net/manga/take-a-peek/12049
"Saijo no Osewa: Takane no Hanadarake na Meimonkou de, Gakuin Ichi no Ojousama (Seikatsu Nouryoku Kaimu) wo Kagenagara Osewa suru Koto ni Narimashita",https://mangalivre.net/manga/saijo-no-osewa-takane-no-hanadarake-na-meimonkou-de-gakuin-ichi-no-ojousama-seikatsu-nouryoku-kaimu-wo-kagenagara-osewa-suru-koto-ni-narimashita/13279
Red Romance,https://mangalivre.net/manga/red-romance/13847
Jeon Wangjeongi - Memoir of the God of War,https://mangalivre.net/manga/jeon-wangjeongi---memoir-of-the-god-of-war/12833
I Killed Him,https://mangalivre.net/manga/i-killed-him/13995
Kimi ni wa Todokanai.,https://mangalivre.net/manga/kimi-ni-wa-todokanai-/11730
My In-Laws Are Obsessed With Me,https://mangalivre.net/manga/my-in-laws-are-obsessed-with-me/14161
The Prince of Myolyeong,https://mangalivre.net/manga/the-prince-of-myolyeong/14115
Italiajin no Onnanoko ga Isourou Suru Koto ni Natta,https://mangalivre.net/manga/italiajin-no-onnanoko-ga-isourou-suru-koto-ni-natta/10258
How to Use Men,https://mangalivre.net/manga/how-to-use-men/14265
Peach Sorbet,https://mangalivre.net/manga/peach-sorbet/14266
Jigoku no Gouka de Yakare Tsuzuketa Shounen. Saikyou no Honootsukai to Natte Fukkatsu suru.,https://mangalivre.net/manga/jigoku-no-gouka-de-yakare-tsuzuketa-shounen-saikyou-no-honootsukai-to-natte-fukkatsu-suru-/11632
Okaeri Kudasai Succubus-san,https://mangalivre.net/manga/okaeri-kudasai-succubus-san/14246
Okaeri Kudasai Succubus-san,https://mangalivre.net/manga/okaeri-kudasai-succubus-san/14246
Minha Seita,https://mangalivre.net/manga/minha-seita/14240
"Kanchigai no Atelier Meister: Eiyuu Party no Moto Zatsuyougakari ga, Jitsu wa Sentou Igai ga SSS Rank Datta to Iu Yoku Aru Hanashi",https://mangalivre.net/manga/kanchigai-no-atelier-meister-eiyuu-party-no-moto-zatsuyougakari-ga-jitsu-wa-sentou-igai-ga-sss-rank-datta-to-iu-yoku-aru-hanashi/11491
Regina Rena - To the Unforgiven,https://mangalivre.net/manga/regina-rena---to-the-unforgiven/14338
Tales Of Demons And Gods,https://mangalivre.net/manga/tales-of-demons-and-gods/2412
Jiken-Jaken!,https://mangalivre.net/manga/jiken-jaken/7595
Player,https://mangalivre.net/manga/player/9825
How to be a Dark Hero’s Daughter,https://mangalivre.net/manga/how-to-be-a-dark-heros-daughter/13233
Koushaku Reijou no Tashinami,https://mangalivre.net/manga/koushaku-reijou-no-tashinami/6983
Koutei no Hitori Musume - Daughter of the Emperor,https://mangalivre.net/manga/koutei-no-hitori-musume---daughter-of-the-emperor/8388
The Strongest Characters in the World are Obsessed With Me,https://mangalivre.net/manga/the-strongest-characters-in-the-world-are-obsessed-with-me/13698
Arcane Sniper,https://mangalivre.net/manga/arcane-sniper/11978
My Three Thousand Years to the Sky,https://mangalivre.net/manga/my-three-thousand-years-to-the-sky/11122
"Why Are You Doing This, Duke?",https://mangalivre.net/manga/why-are-you-doing-this-duke/8608
Obey Me,https://mangalivre.net/manga/obey-me/11880
Unnamed Memory,https://mangalivre.net/manga/unnamed-memory/11569
Tengen Hero Wars,https://mangalivre.net/manga/tengen-hero-wars/14223
Return of the Female Knight,https://mangalivre.net/manga/return-of-the-female-knight/12273
Agi Hwanghunim - Baby Empress,https://mangalivre.net/manga/agi-hwanghunim---baby-empress/12790
My Husband Hides His Beauty,https://mangalivre.net/manga/my-husband-hides-his-beauty/10695
"Shi ni Modori, Subete wo Sukuu Tame ni Saikyou He to Itaru",https://mangalivre.net/manga/shi-ni-modori-subete-wo-sukuu-tame-ni-saikyou-he-to-itaru/8909
Miracle! Hero-nim,https://mangalivre.net/manga/miracle-hero-nim/2619
Kono Oto Tomare!,https://mangalivre.net/manga/kono-oto-tomare/3753
Kenja ga Nakama ni Natta!,https://mangalivre.net/manga/kenja-ga-nakama-ni-natta/12347
Superstar Rivalry,https://mangalivre.net/manga/superstar-rivalry/14260
Ring My Bell!,https://mangalivre.net/manga/ring-my-bell/10994
Kaette kudasai! Akutsu-san,https://mangalivre.net/manga/kaette-kudasai-akutsu-san/9527
Hypnosis School,https://mangalivre.net/manga/hypnosis-school/13295
Akuyaku Reijou no Tsuihougo!: Kyoukai Kaikaku Gohan de Yuuyuu Sister-gurashi,https://mangalivre.net/manga/akuyaku-reijou-no-tsuihougo-kyoukai-kaikaku-gohan-de-yuuyuu-sister-gurashi/12381
Is There an Empty Room?,https://mangalivre.net/manga/is-there-an-empty-room/12233
The World Is Mine,https://mangalivre.net/manga/the-world-is-mine/10097
Tsurezure Children,https://mangalivre.net/manga/tsurezure-children/4823
Can We Become a Family?,https://mangalivre.net/manga/can-we-become-a-family/13624
Uruwashi no Yoi no Tsuki,https://mangalivre.net/manga/uruwashi-no-yoi-no-tsuki/10403
Humor Me,https://mangalivre.net/manga/humor-me/10721
Seirou Opera,https://mangalivre.net/manga/seirou-opera/3151
Xiuxian Jiu Yao Bang Fupo - Cultivating Immortality Requires a Rich Woman,https://mangalivre.net/manga/xiuxian-jiu-yao-bang-fupo---cultivating-immortality-requires-a-rich-woman/14290
Your Eternal Lies,https://mangalivre.net/manga/your-eternal-lies/14307
Hajime no Ippo,https://mangalivre.net/manga/hajime-no-ippo/284
Return of the Broken Constellation,https://mangalivre.net/manga/return-of-the-broken-constellation/14159
Memorize,https://mangalivre.net/manga/memorize/10872
Douluo Dalu (Manhua),https://mangalivre.net/manga/douluo-dalu-manhua/2607
Villain to Kill,https://mangalivre.net/manga/villain-to-kill/12029
unOrdinary,https://mangalivre.net/manga/unordinary/7475
Mishiranu Joshikousei ni Kankin sareta Mangaka no Hanashi,https://mangalivre.net/manga/mishiranu-joshikousei-ni-kankin-sareta-mangaka-no-hanashi/13492
Shingeki no Eroko-san: Hen na Oneesan wa Danshikousei to Nakayoku Naritai,https://mangalivre.net/manga/shingeki-no-eroko-san-hen-na-oneesan-wa-danshikousei-to-nakayoku-naritai/9585
Our Relationship is,https://mangalivre.net/manga/our-relationship-is/4853
Futsuu ni Naritai,https://mangalivre.net/manga/futsuu-ni-naritai/6684
Miss Scum Slayer Reborn,https://mangalivre.net/manga/miss-scum-slayer-reborn/14111
Promise Cinderella,https://mangalivre.net/manga/promise-cinderella/12385
Nazotoki yori mo Taihen da,https://mangalivre.net/manga/nazotoki-yori-mo-taihen-da/14306
Return Shikkoku no Ghost Rika,https://mangalivre.net/manga/return-shikkoku-no-ghost-rika/14128
Tengen Hero Taisen,https://mangalivre.net/manga/tengen-hero-taisen/14208
"Henkyou Gurashi no Maou, Tensei shite Saikyou no Majutsushi ni naru",https://mangalivre.net/manga/henkyou-gurashi-no-maou-tensei-shite-saikyou-no-majutsushi-ni-naru/12412
The Previous Life Murim Ranker,https://mangalivre.net/manga/the-previous-life-murim-ranker/13911
Adam's Rib,https://mangalivre.net/manga/adams-rib/14131
Kkocheul Mun Jimseung - Beast with Flowers,https://mangalivre.net/manga/kkocheul-mun-jimseung---beast-with-flowers/10297
Kakkou no Iinazuke,https://mangalivre.net/manga/kakkou-no-iinazuke/9079
Sousei no Onmyouji,https://mangalivre.net/manga/sousei-no-onmyouji/1283
Solo Necromancy,https://mangalivre.net/manga/solo-necromancy/13601
Solo Necromancy,https://mangalivre.net/manga/solo-necromancy/13601
My Family Is Obsessed With Me,https://mangalivre.net/manga/my-family-is-obsessed-with-me/14324
Onee Joou to Shirayuki Hime,https://mangalivre.net/manga/onee-joou-to-shirayuki-hime/11731
Rooftop Sword Master,https://mangalivre.net/manga/rooftop-sword-master/10357
Virus Girlfriend,https://mangalivre.net/manga/virus-girlfriend/8433
Rise From The Rubble,https://mangalivre.net/manga/rise-from-the-rubble/12576
Ultra Alter,https://mangalivre.net/manga/ultra-alter/13631
Tonari no Uchuubito ga Kowai,https://mangalivre.net/manga/tonari-no-uchuubito-ga-kowai/14328
Citrus+,https://mangalivre.net/manga/citrus/7764
I Won’t Accept Your Regret,https://mangalivre.net/manga/i-wont-accept-your-regret/14273
Isekai de Slow Life wo (Ganbou),https://mangalivre.net/manga/isekai-de-slow-life-wo-ganbou/9134
"Give Me a Flower, and I'll Give You All of Me",https://mangalivre.net/manga/give-me-a-flower-and-ill-give-you-all-of-me/10150
"Spare Me, Great Lord",https://mangalivre.net/manga/spare-me-great-lord/9275
"Majime Dakedo, Shitain Desu!",https://mangalivre.net/manga/majime-dakedo-shitain-desu/13214
Hitoribocchi no Isekai Kouryaku,https://mangalivre.net/manga/hitoribocchi-no-isekai-kouryaku/8778
"Like Husband, Like Son",https://mangalivre.net/manga/like-husband-like-son/14011
Kanpeki Shugi Otoko ni Semarareteimasu,https://mangalivre.net/manga/kanpeki-shugi-otoko-ni-semarareteimasu/13059
How to Get My Husband on My Side,https://mangalivre.net/manga/how-to-get-my-husband-on-my-side/13842
Hariko no Otome,https://mangalivre.net/manga/hariko-no-otome/11891
"Hachi-nan tte, Sore wa Nai deshou!",https://mangalivre.net/manga/hachi-nan-tte-sore-wa-nai-deshou/4774
Boku no Tsuma wa Kanjou ga Nai,https://mangalivre.net/manga/boku-no-tsuma-wa-kanjou-ga-nai/11231
The Three Are Living a Married Life,https://mangalivre.net/manga/the-three-are-living-a-married-life/13604
"Ryuusa no Ori: Kokoro no Naka no ""Kokoro""",https://mangalivre.net/manga/ryuusa-no-ori-kokoro-no-naka-no-kokoro/11964
Namae no nai Kaibutsu - Kumo to Shoujo to Ryoki Satsujin,https://mangalivre.net/manga/namae-no-nai-kaibutsu---kumo-to-shoujo-to-ryoki-satsujin/9499
Dark Star Emperor,https://mangalivre.net/manga/dark-star-emperor/10382
Somehow I Raised a Prince,https://mangalivre.net/manga/somehow-i-raised-a-prince/14327
Shokei Shoujo no Virgin Road,https://mangalivre.net/manga/shokei-shoujo-no-virgin-road/13708
Solo Leveling,https://mangalivre.net/manga/solo-leveling/7702
One Of Them Is A Devil,https://mangalivre.net/manga/one-of-them-is-a-devil/13276
"Kekkon suru tte, Hontou desu ka: 365 Days to the Wedding",https://mangalivre.net/manga/kekkon-suru-tte-hontou-desu-ka-365-days-to-the-wedding/9670
